neighbours,micro_precision
3,0.9
6,0.897115384615
7,0.876923076923
9,0.880769230769
5,0.904807692308
5,0.886429258903
5,0.898941289702
3,0.881616939365
3,0.881616939365
3,0.876804619827
